{
  "5": {
    "id": 5,
    "is_compressed": false,
    "instruction_pointer": 13,
    "state_vector": {
      "data": [
        1,
        200,
        0,
        4,
        200,
        1,
        6,
        200,
        50,
        201,
        17,
        201,
        3,
        255
      ],
      "original_size": 14,
      "is_compressed": false
    },
    "energy": 200.68198625052125,
    "entropy": 11.159060023294215,
    "stability_score": 0.8944103539459036,
    "timeline_index": 27,
    "interaction_links": [
      6,
      2,
      4
    ],
    "shield_strength": 0.0,
    "creation_time": 0,
    "last_evolution": 27
  },
  "4": {
    "id": 4,
    "is_compressed": false,
    "instruction_pointer": 13,
    "state_vector": {
      "data": [
        1,
        200,
        0,
        4,
        200,
        1,
        6,
        200,
        100,
        201,
        17,
        201,
        3,
        255
      ],
      "original_size": 14,
      "is_compressed": false
    },
    "energy": 300.453879219487,
    "entropy": 10.562107143514558,
    "stability_score": 0.8997655303479504,
    "timeline_index": 26,
    "interaction_links": [
      5,
      1,
      4
    ],
    "shield_strength": 0.0,
    "creation_time": 0,
    "last_evolution": 26
  },
  "6": {
    "id": 6,
    "is_compressed": false,
    "instruction_pointer": 19,
    "state_vector": {
      "data": [
        1,
        200,
        100,
        1,
        201,
        0,
        5,
        200,
        1,
        4,
        201,
        1,
        6,
        200,
        0,
        202,
        17,
        202,
        6,
        255
      ],
      "original_size": 20,
      "is_compressed": false
    },
    "energy": 102.75262040277767,
    "entropy": 12.947153754286651,
    "stability_score": 0.8785595940251684,
    "timeline_index": 30,
    "interaction_links": [
      5,
      6,
      3
    ],
    "shield_strength": 0.0,
    "creation_time": 0,
    "last_evolution": 30
  },
  "7": {
    "id": 7,
    "is_compressed": false,
    "instruction_pointer": 52,
    "state_vector": {
      "data": [
        1,
        201,
        0,
        1,
        201,
        0,
        240,
        4,
        11,
        87,
        111,
        114,
        107,
        82,
        101,
        113,
        117,
        101,
        115,
        116,
        4,
        200,
        1,
        1,
        201,
        0,
        4,
        201,
        1,
        6,
        201,
        5,
        202,
        17,
        202,
        26,
        240,
        6,
        11,
        83,
        116,
        97,
        116,
        117,
        115,
        67,
        104,
        101,
        99,
        107,
        6,
        200,
        3,
        202,
        17,
        202,
        6,
        240,
        6,
        15,
        65,
        108,
        108,
        87,
        111,
        114,
        107,
        67,
        111,
        109,
        112,
        108,
        101,
        116,
        101,
        255
      ],
      "original_size": 76,
      "is_compressed": false
    },
    "energy": 348.5356453525995,
    "entropy": 8.916836953594476,
    "stability_score": 0.5,
    "timeline_index": 11,
    "interaction_links": [],
    "shield_strength": 0.0,
    "creation_time": 11,
    "last_evolution": 0
  },
  "3": {
    "id": 3,
    "is_compressed": false,
    "instruction_pointer": 69,
    "state_vector": {
      "data": [
        1,
        201,
        0,
        1,
        201,
        0,
        240,
        4,
        11,
        87,
        111,
        114,
        107,
        82,
        101,
        113,
        117,
        101,
        115,
        116,
        4,
        200,
        1,
        1,
        201,
        0,
        4,
        201,
        1,
        6,
        201,
        5,
        202,
        17,
        202,
        26,
        240,
        6,
        11,
        83,
        116,
        97,
        116,
        117,
        115,
        67,
        104,
        101,
        99,
        107,
        6,
        200,
        3,
        202,
        17,
        202,
        6,
        240,
        6,
        15,
        65,
        108,
        108,
        87,
        111,
        114,
        107,
        67,
        111,
        109,
        112,
        108,
        101,
        116,
        101,
        255
      ],
      "original_size": 76,
      "is_compressed": false
    },
    "energy": 347.5580687746165,
    "entropy": 11.25238484183119,
    "stability_score": 0.8935761258369009,
    "timeline_index": 22,
    "interaction_links": [
      1,
      3,
      2
    ],
    "shield_strength": 0.0,
    "creation_time": 0,
    "last_evolution": 22
  },
  "2": {
    "id": 2,
    "is_compressed": false,
    "instruction_pointer": 0,
    "state_vector": {
      "data": [],
      "original_size": 0,
      "is_compressed": false
    },
    "energy": 500.0,
    "entropy": 0.0,
    "stability_score": 1.0,
    "timeline_index": 0,
    "interaction_links": [],
    "shield_strength": 0.0,
    "creation_time": 0,
    "last_evolution": 0
  },
  "1": {
    "id": 1,
    "is_compressed": false,
    "instruction_pointer": 0,
    "state_vector": {
      "data": [],
      "original_size": 0,
      "is_compressed": false
    },
    "energy": 50.0,
    "entropy": 0.0,
    "stability_score": 1.0,
    "timeline_index": 0,
    "interaction_links": [],
    "shield_strength": 0.0,
    "creation_time": 0,
    "last_evolution": 0
  }
}